sim,variable,unit,quarter,h,diff
Sim1,GDP,%,0006Q1,1,0.5959560678553402
Sim1,GDP,%,0006Q2,2,0.49563761839948484
Sim1,GDP,%,0006Q3,3,0.4470034156108085
Sim1,GDP,%,0006Q4,4,0.3914672848769527
Sim1,GDP,%,0007Q1,5,0.3141756943015821
Sim1,GDP,%,0007Q2,6,0.2472941188053568
Sim1,GDP,%,0007Q3,7,0.20216236873595506
Sim1,GDP,%,0007Q4,8,0.15877383244738041
Sim1,GDP,%,0008Q1,9,0.1252707279215457
Sim1,GDP,%,0008Q2,10,0.09800846426979604
Sim1,GDP,%,0008Q3,11,0.07669276648729806
Sim1,GDP,%,0008Q4,12,0.05838217535031731
Sim1,GDP,%,0009Q1,13,0.04333060405754452
Sim1,GDP,%,0009Q2,14,0.030944069503192395
Sim1,GDP,%,0009Q3,15,0.020987633689117047
Sim1,GDP,%,0009Q4,16,0.013249895132901202
Sim1,GDP,%,0010Q1,17,0.007677379193012257
Sim1,GDP,%,0010Q2,18,0.005153735412164906
Sim1,GDP,%,0010Q3,19,0.004942680103297903
Sim1,GDP,%,0010Q4,20,0.0066821253276998505
Sim1,CP,%,0006Q1,1,0.0
Sim1,CP,%,0006Q2,2,-0.011147451909749861
Sim1,CP,%,0006Q3,3,-0.0074541598553139465
Sim1,CP,%,0006Q4,4,-0.01344249438156453
Sim1,CP,%,0007Q1,5,-0.024719748674499442
Sim1,CP,%,0007Q2,6,-0.039868223879807374
Sim1,CP,%,0007Q3,7,-0.06141835270285867
Sim1,CP,%,0007Q4,8,-0.08909304056138012
Sim1,CP,%,0008Q1,9,-0.12054312750358065
Sim1,CP,%,0008Q2,10,-0.15420064340389672
Sim1,CP,%,0008Q3,11,-0.18833502862905505
Sim1,CP,%,0008Q4,12,-0.22164533284218635
Sim1,CP,%,0009Q1,13,-0.25310367661403177
Sim1,CP,%,0009Q2,14,-0.2820949556215453
Sim1,CP,%,0009Q3,15,-0.3082159366400816
Sim1,CP,%,0009Q4,16,-0.33126990531610545
Sim1,CP,%,0010Q1,17,-0.35121713869489213
Sim1,CP,%,0010Q2,18,-0.3681307021080329
Sim1,CP,%,0010Q3,19,-0.3821611164073744
Sim1,CP,%,0010Q4,20,-0.39344663446574657
Sim1,INV,%,0006Q1,1,0.2316778556058523
Sim1,INV,%,0006Q2,2,0.6380694845118597
Sim1,INV,%,0006Q3,3,0.9071679004402142
Sim1,INV,%,0006Q4,4,1.0399205426917035
Sim1,INV,%,0007Q1,5,0.84515798394645
Sim1,INV,%,0007Q2,6,0.6082369829029091
Sim1,INV,%,0007Q3,7,0.40921107899629305
Sim1,INV,%,0007Q4,8,0.2603637586394285
Sim1,INV,%,0008Q1,9,0.1500972074721716
Sim1,INV,%,0008Q2,10,0.06711531325917974
Sim1,INV,%,0008Q3,11,0.0038609581294508644
Sim1,INV,%,0008Q4,12,-0.044994822742694396
Sim1,INV,%,0009Q1,13,-0.08379809519831838
Sim1,INV,%,0009Q2,14,-0.11506224326903691
Sim1,INV,%,0009Q3,15,-0.14055515869348767
Sim1,INV,%,0009Q4,16,-0.16137876690048358
Sim1,INV,%,0010Q1,17,-0.1782558721685632
Sim1,INV,%,0010Q2,18,-0.19160183474453163
Sim1,INV,%,0010Q3,19,-0.2014263559088647
Sim1,INV,%,0010Q4,20,-0.20787576731281376
Sim1,EX,%,0006Q1,1,3.6545265545718735
Sim1,EX,%,0006Q2,2,4.067199365145612
Sim1,EX,%,0006Q3,3,3.514639202677202
Sim1,EX,%,0006Q4,4,2.878772405494118
Sim1,EX,%,0007Q1,5,2.383519872468682
Sim1,EX,%,0007Q2,6,2.0459590049189984
Sim1,EX,%,0007Q3,7,1.8200465877384033
Sim1,EX,%,0007Q4,8,1.6718686299212777
Sim1,EX,%,0008Q1,9,1.5808860449955517
Sim1,EX,%,0008Q2,10,1.526835053759143
Sim1,EX,%,0008Q3,11,1.497590720141332
Sim1,EX,%,0008Q4,12,1.4840466902804792
Sim1,EX,%,0009Q1,13,1.4808967958584276
Sim1,EX,%,0009Q2,14,1.4839858235614827
Sim1,EX,%,0009Q3,15,1.4911674511983506
Sim1,EX,%,0009Q4,16,1.500954496821521
Sim1,EX,%,0010Q1,17,1.512340678211288
Sim1,EX,%,0010Q2,18,1.5246388942908453
Sim1,EX,%,0010Q3,19,1.537193410284445
Sim1,EX,%,0010Q4,20,1.549897208054901
Sim1,IM,%,0006Q1,1,0.8890107589452043
Sim1,IM,%,0006Q2,2,1.7120888349915901
Sim1,IM,%,0006Q3,3,1.7398399037603411
Sim1,IM,%,0006Q4,4,1.5329048300882135
Sim1,IM,%,0007Q1,5,1.2514787746654292
Sim1,IM,%,0007Q2,6,0.9632330563465104
Sim1,IM,%,0007Q3,7,0.7164376367233984
Sim1,IM,%,0007Q4,8,0.5415060475647806
Sim1,IM,%,0008Q1,9,0.40349981829356807
Sim1,IM,%,0008Q2,10,0.29479207167288735
Sim1,IM,%,0008Q3,11,0.20880905871898392
Sim1,IM,%,0008Q4,12,0.14057544089276064
Sim1,IM,%,0009Q1,13,0.0835634091661035
Sim1,IM,%,0009Q2,14,0.033591111684415864
Sim1,IM,%,0009Q3,15,-0.011088351051697032
Sim1,IM,%,0009Q4,16,-0.051766943852996405
Sim1,IM,%,0010Q1,17,-0.08895681247787479
Sim1,IM,%,0010Q2,18,-0.12731047020359654
Sim1,IM,%,0010Q3,19,-0.1647947728071415
Sim1,IM,%,0010Q4,20,-0.19989124766148336
Sim1,CPIXFOR,%,0006Q1,1,0.04746414863461723
Sim1,CPIXFOR,%,0006Q2,2,0.08786293037698556
Sim1,CPIXFOR,%,0006Q3,3,0.12661946213017927
Sim1,CPIXFOR,%,0006Q4,4,0.1626309357546205
Sim1,CPIXFOR,%,0007Q1,5,0.18885859637829583
Sim1,CPIXFOR,%,0007Q2,6,0.2157651969305192
Sim1,CPIXFOR,%,0007Q3,7,0.24123856474254524
Sim1,CPIXFOR,%,0007Q4,8,0.26710733462481073
Sim1,CPIXFOR,%,0008Q1,9,0.2927643506186257
Sim1,CPIXFOR,%,0008Q2,10,0.3184730052712865
Sim1,CPIXFOR,%,0008Q3,11,0.34134606615290863
Sim1,CPIXFOR,%,0008Q4,12,0.36364071518100616
Sim1,CPIXFOR,%,0009Q1,13,0.38496911178107496
Sim1,CPIXFOR,%,0009Q2,14,0.4058960135540275
Sim1,CPIXFOR,%,0009Q3,15,0.42388313523966303
Sim1,CPIXFOR,%,0009Q4,16,0.4410410482303746
Sim1,CPIXFOR,%,0010Q1,17,0.4571557210822448
Sim1,CPIXFOR,%,0010Q2,18,0.4728723326224582
Sim1,CPIXFOR,%,0010Q3,19,0.48605511904389687
Sim1,CPIXFOR,%,0010Q4,20,0.4986689417344081
Sim2,GDP,%,0006Q1,1,0.005335235783164194
Sim2,GDP,%,0006Q2,2,0.03612375994855199
Sim2,GDP,%,0006Q3,3,0.06875227472831114
Sim2,GDP,%,0006Q4,4,0.10525170581676946
Sim2,GDP,%,0007Q1,5,0.13641507648547702
Sim2,GDP,%,0007Q2,6,0.15853638779177004
Sim2,GDP,%,0007Q3,7,0.17671924155555985
Sim2,GDP,%,0007Q4,8,0.1883857855613087
Sim2,GDP,%,0008Q1,9,0.19605507431373326
Sim2,GDP,%,0008Q2,10,0.19938426077720806
Sim2,GDP,%,0008Q3,11,0.19934932377753967
Sim2,GDP,%,0008Q4,12,0.19621116504976044
Sim2,GDP,%,0009Q1,13,0.18990613304097792
Sim2,GDP,%,0009Q2,14,0.180738369929486
Sim2,GDP,%,0009Q3,15,0.16883708050336566
Sim2,GDP,%,0009Q4,16,0.1545951193515691
Sim2,GDP,%,0010Q1,17,0.13826908020024575
Sim2,GDP,%,0010Q2,18,0.12081208301340496
Sim2,GDP,%,0010Q3,19,0.10266193048538241
Sim2,GDP,%,0010Q4,20,0.084187875193237
Sim2,CP,%,0006Q1,1,0.0
Sim2,CP,%,0006Q2,2,0.021523128725718266
Sim2,CP,%,0006Q3,3,0.055738864356129625
Sim2,CP,%,0006Q4,4,0.09680146020878055
Sim2,CP,%,0007Q1,5,0.13973293687395483
Sim2,CP,%,0007Q2,6,0.17801477169021496
Sim2,CP,%,0007Q3,7,0.21320563193363284
Sim2,CP,%,0007Q4,8,0.24458558670774266
Sim2,CP,%,0008Q1,9,0.2718081089476243
Sim2,CP,%,0008Q2,10,0.29451720359878664
Sim2,CP,%,0008Q3,11,0.3127774014297131
Sim2,CP,%,0008Q4,12,0.3267917064110577
Sim2,CP,%,0009Q1,13,0.33685562074137465
Sim2,CP,%,0009Q2,14,0.3433466434636756
Sim2,CP,%,0009Q3,15,0.3466145976253472
Sim2,CP,%,0009Q4,16,0.34703488261935433
Sim2,CP,%,0010Q1,17,0.3449839701464583
Sim2,CP,%,0010Q2,18,0.34084176363063534
Sim2,CP,%,0010Q3,19,0.3349726495626584
Sim2,CP,%,0010Q4,20,0.3277605284286693
Sim2,INV,%,0006Q1,1,-0.00012774794102199394
Sim2,INV,%,0006Q2,2,0.06477941811147048
Sim2,INV,%,0006Q3,3,0.13967068396598847
Sim2,INV,%,0006Q4,4,0.2172550547272749
Sim2,INV,%,0007Q1,5,0.2892829823390315
Sim2,INV,%,0007Q2,6,0.3460256371425885
Sim2,INV,%,0007Q3,7,0.3956296819357874
Sim2,INV,%,0007Q4,8,0.4376133692841222
Sim2,INV,%,0008Q1,9,0.4719136963687163
Sim2,INV,%,0008Q2,10,0.49980095573063466
Sim2,INV,%,0008Q3,11,0.5205613950180208
Sim2,INV,%,0008Q4,12,0.5346969384153937
Sim2,INV,%,0009Q1,13,0.5426241993427396
Sim2,INV,%,0009Q2,14,0.5447215309839777
Sim2,INV,%,0009Q3,15,0.541487427199641
Sim2,INV,%,0009Q4,16,0.5333906019038039
Sim2,INV,%,0010Q1,17,0.5209278144083385
Sim2,INV,%,0010Q2,18,0.5045852141042815
Sim2,INV,%,0010Q3,19,0.48506720201946507
Sim2,INV,%,0010Q4,20,0.46295090150023555
Sim2,EX,%,0006Q1,1,-0.0019814432084928058
Sim2,EX,%,0006Q2,2,0.024800755572741195
Sim2,EX,%,0006Q3,3,0.026211653059135642
Sim2,EX,%,0006Q4,4,0.027420321037823214
Sim2,EX,%,0007Q1,5,0.021763637574039763
Sim2,EX,%,0007Q2,6,0.009594017907005536
Sim2,EX,%,0007Q3,7,0.0023110510519046557
Sim2,EX,%,0007Q4,8,-0.004572922569522575
Sim2,EX,%,0008Q1,9,-0.010640319630908834
Sim2,EX,%,0008Q2,10,-0.018064819100544582
Sim2,EX,%,0008Q3,11,-0.02482829709273915
Sim2,EX,%,0008Q4,12,-0.03098239295094629
Sim2,EX,%,0009Q1,13,-0.03630786144897513
Sim2,EX,%,0009Q2,14,-0.04045436037731065
Sim2,EX,%,0009Q3,15,-0.0438357517464425
Sim2,EX,%,0009Q4,16,-0.04647622912358429
Sim2,EX,%,0010Q1,17,-0.04841529052916371
Sim2,EX,%,0010Q2,18,-0.04962777326895207
Sim2,EX,%,0010Q3,19,-0.0502523224588316
Sim2,EX,%,0010Q4,20,-0.05029389410509566
Sim2,IM,%,0006Q1,1,0.006738935135359725
Sim2,IM,%,0006Q2,2,0.03796483441024634
Sim2,IM,%,0006Q3,3,0.09460956790363184
Sim2,IM,%,0006Q4,4,0.16064080330426123
Sim2,IM,%,0007Q1,5,0.22874540614591865
Sim2,IM,%,0007Q2,6,0.28992676221540137
Sim2,IM,%,0007Q3,7,0.34431659347065136
Sim2,IM,%,0007Q4,8,0.4013165810857089
Sim2,IM,%,0008Q1,9,0.4552623621104459
Sim2,IM,%,0008Q2,10,0.5090124729814249
Sim2,IM,%,0008Q3,11,0.5618730522561037
Sim2,IM,%,0008Q4,12,0.6133674400556686
Sim2,IM,%,0009Q1,13,0.664695925646356
Sim2,IM,%,0009Q2,14,0.715463413005125
Sim2,IM,%,0009Q3,15,0.7656203586997776
Sim2,IM,%,0009Q4,16,0.8147219768818417
Sim2,IM,%,0010Q1,17,0.8630253772440568
Sim2,IM,%,0010Q2,18,0.907998883797049
Sim2,IM,%,0010Q3,19,0.9491284373082749
Sim2,IM,%,0010Q4,20,0.9866098451960283
Sim2,CPIXFOR,%,0006Q1,1,-0.061528801977857484
Sim2,CPIXFOR,%,0006Q2,2,-0.09333067122670968
Sim2,CPIXFOR,%,0006Q3,3,-0.11912262263975038
Sim2,CPIXFOR,%,0006Q4,4,-0.13483286075449996
Sim2,CPIXFOR,%,0007Q1,5,-0.1303072954491995
Sim2,CPIXFOR,%,0007Q2,6,-0.12671265358925154
Sim2,CPIXFOR,%,0007Q3,7,-0.1174850040606259
Sim2,CPIXFOR,%,0007Q4,8,-0.1075197218662538
Sim2,CPIXFOR,%,0008Q1,9,-0.09622555194756899
Sim2,CPIXFOR,%,0008Q2,10,-0.08534203710294719
Sim2,CPIXFOR,%,0008Q3,11,-0.06915512153311454
Sim2,CPIXFOR,%,0008Q4,12,-0.05264763220658608
Sim2,CPIXFOR,%,0009Q1,13,-0.0354927012068913
Sim2,CPIXFOR,%,0009Q2,14,-0.019512623029058318
Sim2,CPIXFOR,%,0009Q3,15,0.0011996478932729815
Sim2,CPIXFOR,%,0009Q4,16,0.02132758987617933
Sim2,CPIXFOR,%,0010Q1,17,0.04114413081293833
Sim2,CPIXFOR,%,0010Q2,18,0.058675445329868126
Sim2,CPIXFOR,%,0010Q3,19,0.0801331466224724
Sim2,CPIXFOR,%,0010Q4,20,0.09998027311928581
Sim3,GDP,%,0006Q1,1,0.6044209189365972
Sim3,GDP,%,0006Q2,2,0.55273726058698
Sim3,GDP,%,0006Q3,3,0.5557517472997375
Sim3,GDP,%,0006Q4,4,0.5580648495578231
Sim3,GDP,%,0007Q1,5,0.5290735867809531
Sim3,GDP,%,0007Q2,6,0.4954251544844652
Sim3,GDP,%,0007Q3,7,0.4770670872310063
Sim3,GDP,%,0007Q4,8,0.4497905785013643
Sim3,GDP,%,0008Q1,9,0.42626410305915385
Sim3,GDP,%,0008Q2,10,0.40229228032602293
Sim3,GDP,%,0008Q3,11,0.3791902674888945
Sim3,GDP,%,0008Q4,12,0.3543479974725301
Sim3,GDP,%,0009Q1,13,0.3279667800941013
Sim3,GDP,%,0009Q2,14,0.29990841391199297
Sim3,GDP,%,0009Q3,15,0.27013296220724214
Sim3,GDP,%,0009Q4,16,0.23900323568616955
Sim3,GDP,%,0010Q1,17,0.20693099628563516
Sim3,GDP,%,0010Q2,18,0.17626466252760054
Sim3,GDP,%,0010Q3,19,0.14705155577784979
Sim3,GDP,%,0010Q4,20,0.11947952375344073
Sim3,CP,%,0006Q1,1,0.0
Sim3,CP,%,0006Q2,2,0.02277959406826824
Sim3,CP,%,0006Q3,3,0.08060919216194407
Sim3,CP,%,0006Q4,4,0.1398727412995413
Sim3,CP,%,0007Q1,5,0.19678292433657418
Sim3,CP,%,0007Q2,6,0.24219090242868901
Sim3,CP,%,0007Q3,7,0.2759897318253053
Sim3,CP,%,0007Q4,8,0.2973062983660384
Sim3,CP,%,0008Q1,9,0.3079879880209404
Sim3,CP,%,0008Q2,10,0.30909855427596256
Sim3,CP,%,0008Q3,11,0.30256540562004375
Sim3,CP,%,0008Q4,12,0.2900519758434683
Sim3,CP,%,0009Q1,13,0.2731366212157127
Sim3,CP,%,0009Q2,14,0.253077090834509
Sim3,CP,%,0009Q3,15,0.23086126641666738
Sim3,CP,%,0009Q4,16,0.20729813747124126
Sim3,CP,%,0010Q1,17,0.18303357540547438
Sim3,CP,%,0010Q2,18,0.15859726918246508
Sim3,CP,%,0010Q3,19,0.1344142701374551
Sim3,CP,%,0010Q4,20,0.11093472244152736
Sim3,INV,%,0006Q1,1,0.23147700111880454
Sim3,INV,%,0006Q2,2,0.7402946502996173
Sim3,INV,%,0006Q3,3,1.1310026209504116
Sim3,INV,%,0006Q4,4,1.3893639854452289
Sim3,INV,%,0007Q1,5,1.308968281071344
Sim3,INV,%,0007Q2,6,1.1600729168929007
Sim3,INV,%,0007Q3,7,1.036452851133319
Sim3,INV,%,0007Q4,8,0.9502543912827974
Sim3,INV,%,0008Q1,9,0.8901621379152402
Sim3,INV,%,0008Q2,10,0.8471380966462476
Sim3,INV,%,0008Q3,11,0.8126008807906544
Sim3,INV,%,0008Q4,12,0.7821150783821054
Sim3,INV,%,0009Q1,13,0.7520333864760715
Sim3,INV,%,0009Q2,14,0.7204819389483816
Sim3,INV,%,0009Q3,15,0.6865105410300174
Sim3,INV,%,0009Q4,16,0.6497849743223583
Sim3,INV,%,0010Q1,17,0.6103871909136416
Sim3,INV,%,0010Q2,18,0.5685376700095333
Sim3,INV,%,0010Q3,19,0.5255714807046843
Sim3,INV,%,0010Q4,20,0.48248617768369684
Sim3,EX,%,0006Q1,1,3.6513048164374453
Sim3,EX,%,0006Q2,2,4.107423666662456
Sim3,EX,%,0006Q3,3,3.555088283526999
Sim3,EX,%,0006Q4,4,2.918042245514357
Sim3,EX,%,0007Q1,5,2.4097977195351064
Sim3,EX,%,0007Q2,6,2.0494454240704414
Sim3,EX,%,0007Q3,7,1.809947662023177
Sim3,EX,%,0007Q4,8,1.6499714332216513
Sim3,EX,%,0008Q1,9,1.5494783491490978
Sim3,EX,%,0008Q2,10,1.4843303556687744
Sim3,EX,%,0008Q3,11,1.4454591683402214
Sim3,EX,%,0008Q4,12,1.423491572613429
Sim3,EX,%,0009Q1,13,1.4133650819520938
Sim3,EX,%,0009Q2,14,1.4113846456042438
Sim3,EX,%,0009Q3,15,1.4146785907351216
Sim3,EX,%,0009Q4,16,1.421684904152272
Sim3,EX,%,0010Q1,17,1.4313243304264347
Sim3,EX,%,0010Q2,18,1.4429269955711845
Sim3,EX,%,0010Q3,19,1.4556254610822066
Sim3,EX,%,0010Q4,20,1.4692850923064356
Sim3,IM,%,0006Q1,1,0.8998317162025984
Sim3,IM,%,0006Q2,2,1.7728660838775454
Sim3,IM,%,0006Q3,3,1.891530205070751
Sim3,IM,%,0006Q4,4,1.79046031037862
Sim3,IM,%,0007Q1,5,1.6172404995858756
Sim3,IM,%,0007Q2,6,1.4247746555105039
Sim3,IM,%,0007Q3,7,1.2619273345366082
Sim3,IM,%,0007Q4,8,1.1747267589437485
Sim3,IM,%,0008Q1,9,1.119351454693799
Sim3,IM,%,0008Q2,10,1.092940060835005
Sim3,IM,%,0008Q3,11,1.08786029407581
Sim3,IM,%,0008Q4,12,1.0984038254260469
Sim3,IM,%,0009Q1,13,1.1199028740935404
Sim3,IM,%,0009Q2,14,1.147460987916162
Sim3,IM,%,0009Q3,15,1.1791995072840677
Sim3,IM,%,0009Q4,16,1.2130609432162203
Sim3,IM,%,0010Q1,17,1.2489239576585476
Sim3,IM,%,0010Q2,18,1.2780381395308638
Sim3,IM,%,0010Q3,19,1.3015364452374882
Sim3,IM,%,0010Q4,20,1.321357485164114
Sim3,CPIXFOR,%,0006Q1,1,-0.050018408315779084
Sim3,CPIXFOR,%,0006Q2,2,-0.059690806560695364
Sim3,CPIXFOR,%,0006Q3,3,-0.061284746644915344
Sim3,CPIXFOR,%,0006Q4,4,-0.0494038240269532
Sim3,CPIXFOR,%,0007Q1,5,-0.014871501686556599
Sim3,CPIXFOR,%,0007Q2,6,0.018860577599141948
Sim3,CPIXFOR,%,0007Q3,7,0.05988316498739721
Sim3,CPIXFOR,%,0007Q4,8,0.10236323341376874
Sim3,CPIXFOR,%,0008Q1,9,0.14661705502010136
Sim3,CPIXFOR,%,0008Q2,10,0.19022937977364052
Sim3,CPIXFOR,%,0008Q3,11,0.23904115168593876
Sim3,CPIXFOR,%,0008Q4,12,0.2876578185797598
Sim3,CPIXFOR,%,0009Q1,13,0.33618951061711755
Sim3,CPIXFOR,%,0009Q2,14,0.3824438344641692
Sim3,CPIXFOR,%,0009Q3,15,0.43278612111036807
Sim3,CPIXFOR,%,0009Q4,16,0.48127285351746707
Sim3,CPIXFOR,%,0010Q1,17,0.5280935022296376
Sim3,CPIXFOR,%,0010Q2,18,0.5709312230333126
Sim3,CPIXFOR,%,0010Q3,19,0.6169192568114852
Sim3,CPIXFOR,%,0010Q4,20,0.6597301136248603
Sim4,GDP,%,0006Q1,1,0.22905459947814677
Sim4,GDP,%,0006Q2,2,0.2456566597842027
Sim4,GDP,%,0006Q3,3,0.2671884926129309
Sim4,GDP,%,0006Q4,4,0.28698212645346644
Sim4,GDP,%,0007Q1,5,0.30215992278060355
Sim4,GDP,%,0007Q2,6,0.32367893912221746
Sim4,GDP,%,0007Q3,7,0.29980225616195355
Sim4,GDP,%,0007Q4,8,0.2839570741408153
Sim4,GDP,%,0008Q1,9,0.2672411876886116
Sim4,GDP,%,0008Q2,10,0.25018517298983056
Sim4,GDP,%,0008Q3,11,0.23301359854703207
Sim4,GDP,%,0008Q4,12,0.2165649854480023
Sim4,GDP,%,0009Q1,13,0.20042868639364997
Sim4,GDP,%,0009Q2,14,0.18512070667038927
Sim4,GDP,%,0009Q3,15,0.17076569572489575
Sim4,GDP,%,0009Q4,16,0.15742650304200367
Sim4,GDP,%,0010Q1,17,0.14506040640749518
Sim4,GDP,%,0010Q2,18,0.13341477619725595
Sim4,GDP,%,0010Q3,19,0.12235990260589347
Sim4,GDP,%,0010Q4,20,0.111883492848591
Sim4,CP,%,0006Q1,1,0.0
Sim4,CP,%,0006Q2,2,-0.01714590864970944
Sim4,CP,%,0006Q3,3,-0.04820175599910215
Sim4,CP,%,0006Q4,4,-0.08432632810651342
Sim4,CP,%,0007Q1,5,-0.12079093357554882
Sim4,CP,%,0007Q2,6,-0.15228580212280463
Sim4,CP,%,0007Q3,7,-0.1810692343521083
Sim4,CP,%,0007Q4,8,-0.2068099878518126
Sim4,CP,%,0008Q1,9,-0.23223870689625414
Sim4,CP,%,0008Q2,10,-0.2572623982622986
Sim4,CP,%,0008Q3,11,-0.28199518825664427
Sim4,CP,%,0008Q4,12,-0.30633845064237164
Sim4,CP,%,0009Q1,13,-0.3301350134450587
Sim4,CP,%,0009Q2,14,-0.3531676882764714
Sim4,CP,%,0009Q3,15,-0.3752212769511374
Sim4,CP,%,0009Q4,16,-0.3960895269180469
Sim4,CP,%,0010Q1,17,-0.4155952655490154
Sim4,CP,%,0010Q2,18,-0.4336016458424581
Sim4,CP,%,0010Q3,19,-0.45001266844063537
Sim4,CP,%,0010Q4,20,-0.46478784335496925
Sim4,INV,%,0006Q1,1,0.07316981687344537
Sim4,INV,%,0006Q2,2,0.20171972094458113
Sim4,INV,%,0006Q3,3,0.30041420569941124
Sim4,INV,%,0006Q4,4,0.36726675460572267
Sim4,INV,%,0007Q1,5,0.34310614176420984
Sim4,INV,%,0007Q2,6,0.3111718101026213
Sim4,INV,%,0007Q3,7,0.2879549010859108
Sim4,INV,%,0007Q4,8,0.2630250579213964
Sim4,INV,%,0008Q1,9,0.2382521494298686
Sim4,INV,%,0008Q2,10,0.21273294627093264
Sim4,INV,%,0008Q3,11,0.18650954360242622
Sim4,INV,%,0008Q4,12,0.15946248653111184
Sim4,INV,%,0009Q1,13,0.13194781973820113
Sim4,INV,%,0009Q2,14,0.10438982067950064
Sim4,INV,%,0009Q3,15,0.07709905297474506
Sim4,INV,%,0009Q4,16,0.05042303469171827
Sim4,INV,%,0010Q1,17,0.024677645617316557
Sim4,INV,%,0010Q2,18,0.00010927303506491626
Sim4,INV,%,0010Q3,19,-0.023161639316640503
Sim4,INV,%,0010Q4,20,-0.04508818078633681
Sim4,EX,%,0006Q1,1,1.1409608487581409
Sim4,EX,%,0006Q2,2,1.3676095409516904
Sim4,EX,%,0006Q3,3,1.3305620094687498
Sim4,EX,%,0006Q4,4,1.241407364475407
Sim4,EX,%,0007Q1,5,1.1620068997137736
Sim4,EX,%,0007Q2,6,1.102105216721455
Sim4,EX,%,0007Q3,7,1.059489806751813
Sim4,EX,%,0007Q4,8,1.0296689902117038
Sim4,EX,%,0008Q1,9,1.00870004523766
Sim4,EX,%,0008Q2,10,0.993656988207519
Sim4,EX,%,0008Q3,11,0.9825294626854912
Sim4,EX,%,0008Q4,12,0.9739753206286821
Sim4,EX,%,0009Q1,13,0.9671184676771247
Sim4,EX,%,0009Q2,14,0.9613907543978115
Sim4,EX,%,0009Q3,15,0.956426985040352
Sim4,EX,%,0009Q4,16,0.9519929178524222
Sim4,EX,%,0010Q1,17,0.9479390768045022
Sim4,EX,%,0010Q2,18,0.9441707745071426
Sim4,EX,%,0010Q3,19,0.9406286027735007
Sim4,EX,%,0010Q4,20,0.9372755760413582
Sim4,IM,%,0006Q1,1,0.03933284337924192
Sim4,IM,%,0006Q2,2,0.07817440716915769
Sim4,IM,%,0006Q3,3,-0.11313587231748556
Sim4,IM,%,0006Q4,4,-0.37904028301170456
Sim4,IM,%,0007Q1,5,-0.6693723285323898
Sim4,IM,%,0007Q2,6,-0.9588121964641942
Sim4,IM,%,0007Q3,7,-1.0050066344971782
Sim4,IM,%,0007Q4,8,-1.0409061159446509
Sim4,IM,%,0008Q1,9,-1.0731095340215404
Sim4,IM,%,0008Q2,10,-1.1051320617662697
Sim4,IM,%,0008Q3,11,-1.1377308198185716
Sim4,IM,%,0008Q4,12,-1.1708255266980387
Sim4,IM,%,0009Q1,13,-1.203774970569782
Sim4,IM,%,0009Q2,14,-1.2358894680690895
Sim4,IM,%,0009Q3,15,-1.2667356656428552
Sim4,IM,%,0009Q4,16,-1.2961368507795896
Sim4,IM,%,0010Q1,17,-1.32404898397931
Sim4,IM,%,0010Q2,18,-1.3491990219469017
Sim4,IM,%,0010Q3,19,-1.370939547079061
Sim4,IM,%,0010Q4,20,-1.3892576453791747
Sim4,CPIXFOR,%,0006Q1,1,0.06053619012276101
Sim4,CPIXFOR,%,0006Q2,2,0.09824495333516836
Sim4,CPIXFOR,%,0006Q3,3,0.13397532714903093
Sim4,CPIXFOR,%,0006Q4,4,0.1647047109663049
Sim4,CPIXFOR,%,0007Q1,5,0.1807899054253994
Sim4,CPIXFOR,%,0007Q2,6,0.20166068777409407
Sim4,CPIXFOR,%,0007Q3,7,0.2216361122508772
Sim4,CPIXFOR,%,0007Q4,8,0.2445655707961123
Sim4,CPIXFOR,%,0008Q1,9,0.2695297305234732
Sim4,CPIXFOR,%,0008Q2,10,0.29741054356429686
Sim4,CPIXFOR,%,0008Q3,11,0.32330637110764826
Sim4,CPIXFOR,%,0008Q4,12,0.35073360831370337
Sim4,CPIXFOR,%,0009Q1,13,0.3789921828873304
Sim4,CPIXFOR,%,0009Q2,14,0.40893371230301057
Sim4,CPIXFOR,%,0009Q3,15,0.4361882929789118
Sim4,CPIXFOR,%,0009Q4,16,0.4640582932168513
Sim4,CPIXFOR,%,0010Q1,17,0.49199962274329323
Sim4,CPIXFOR,%,0010Q2,18,0.52085954105263
Sim4,CPIXFOR,%,0010Q3,19,0.5467474861623032
Sim4,CPIXFOR,%,0010Q4,20,0.5727179588924258
Sim5,CALL,pp,0006Q1,1,0.9999999999999883
Sim5,CALL,pp,0006Q2,2,0.8812877246780018
Sim5,CALL,pp,0006Q3,3,0.7786792735604193
Sim5,CALL,pp,0006Q4,4,0.6843105371833573
Sim5,CALL,pp,0007Q1,5,0.599588617285715
Sim5,CALL,pp,0007Q2,6,0.5247834078924946
Sim5,CALL,pp,0007Q3,7,0.4559858327657589
Sim5,CALL,pp,0007Q4,8,0.3939093677446179
Sim5,CALL,pp,0008Q1,9,0.337682837815496
Sim5,CALL,pp,0008Q2,10,0.287159143023099
Sim5,CALL,pp,0008Q3,11,0.24187022838720068
Sim5,CALL,pp,0008Q4,12,0.20149573504426327
Sim5,CALL,pp,0009Q1,13,0.16569501438616474
Sim5,CALL,pp,0009Q2,14,0.13412535019680255
Sim5,CALL,pp,0009Q3,15,0.10647781579810638
Sim5,CALL,pp,0009Q4,16,0.08242896229917279
Sim5,CALL,pp,0010Q1,17,0.06167749360320132
Sim5,CALL,pp,0010Q2,18,0.043928778148867295
Sim5,CALL,pp,0010Q3,19,0.028906691913050585
Sim5,CALL,pp,0010Q4,20,0.016388116919779653
Sim5,IRL,pp,0006Q1,1,0.23983749513911867
Sim5,IRL,pp,0006Q2,2,0.17447919687126837
Sim5,IRL,pp,0006Q3,3,0.16517083073689012
Sim5,IRL,pp,0006Q4,4,0.13822498727257548
Sim5,IRL,pp,0007Q1,5,0.11848898860144098
Sim5,IRL,pp,0007Q2,6,0.10260486530838914
Sim5,IRL,pp,0007Q3,7,0.08339894831293307
Sim5,IRL,pp,0007Q4,8,0.06902892034409808
Sim5,IRL,pp,0008Q1,9,0.053778997710855016
Sim5,IRL,pp,0008Q2,10,0.042109028895373546
Sim5,IRL,pp,0008Q3,11,0.03102394106490282
Sim5,IRL,pp,0008Q4,12,0.02147270778639907
Sim5,IRL,pp,0009Q1,13,0.013076613641626716
Sim5,IRL,pp,0009Q2,14,0.00564988980172864
Sim5,IRL,pp,0009Q3,15,-0.0005239773198408256
Sim5,IRL,pp,0009Q4,16,-0.005653871126842485
Sim5,IRL,pp,0010Q1,17,-0.009775627351868262
Sim5,IRL,pp,0010Q2,18,-0.013025394502638888
Sim5,IRL,pp,0010Q3,19,-0.015471421079070666
Sim5,IRL,pp,0010Q4,20,-0.017072731036776305
Sim5,GDP,%,0006Q1,1,-2.2737367544323206e-13
Sim5,GDP,%,0006Q2,2,-0.11218028432224969
Sim5,GDP,%,0006Q3,3,-0.13410546871406837
Sim5,GDP,%,0006Q4,4,-0.1587992203074009
Sim5,GDP,%,0007Q1,5,-0.17262977420344328
Sim5,GDP,%,0007Q2,6,-0.18013120553133888
Sim5,GDP,%,0007Q3,7,-0.18406061516404293
Sim5,GDP,%,0007Q4,8,-0.17319364068656284
Sim5,GDP,%,0008Q1,9,-0.16414010955496394
Sim5,GDP,%,0008Q2,10,-0.1524986404302382
Sim5,GDP,%,0008Q3,11,-0.1401720054889779
Sim5,GDP,%,0008Q4,12,-0.12711252054077704
Sim5,GDP,%,0009Q1,13,-0.11379532124155389
Sim5,GDP,%,0009Q2,14,-0.10035417220468901
Sim5,GDP,%,0009Q3,15,-0.08701563919504451
Sim5,GDP,%,0009Q4,16,-0.07411877822507051
Sim5,GDP,%,0010Q1,17,-0.061762134290063386
Sim5,GDP,%,0010Q2,18,-0.05009776527059273
Sim5,GDP,%,0010Q3,19,-0.03915101018014866
Sim5,GDP,%,0010Q4,20,-0.028354002597495764
Sim5,GAP,pp,0006Q1,1,-2.271182680173318e-13
Sim5,GAP,pp,0006Q2,2,-0.11218028432225169
Sim5,GAP,pp,0006Q3,3,-0.13410546871407864
Sim5,GAP,pp,0006Q4,4,-0.15879922030739851
Sim5,GAP,pp,0007Q1,5,-0.17262977420344955
Sim5,GAP,pp,0007Q2,6,-0.18013120553135403
Sim5,GAP,pp,0007Q3,7,-0.184060615164033
Sim5,GAP,pp,0007Q4,8,-0.1731936406865606
Sim5,GAP,pp,0008Q1,9,-0.16414010955498445
Sim5,GAP,pp,0008Q2,10,-0.1524986404302584
Sim5,GAP,pp,0008Q3,11,-0.14017200548898529
Sim5,GAP,pp,0008Q4,12,-0.12711252054079486
Sim5,GAP,pp,0009Q1,13,-0.11379532124156837
Sim5,GAP,pp,0009Q2,14,-0.10035417220468959
Sim5,GAP,pp,0009Q3,15,-0.08701563919505485
Sim5,GAP,pp,0009Q4,16,-0.07411877822507643
Sim5,GAP,pp,0010Q1,17,-0.061762134290072955
Sim5,GAP,pp,0010Q2,18,-0.05009776527059078
Sim5,GAP,pp,0010Q3,19,-0.039151010180155196
Sim5,GAP,pp,0010Q4,20,-0.028354002597505302
Sim5,CP,%,0006Q1,1,0.0
Sim5,CP,%,0006Q2,2,-0.050362055776048464
Sim5,CP,%,0006Q3,3,-0.08078775638345803
Sim5,CP,%,0006Q4,4,-0.09951828881888503
Sim5,CP,%,0007Q1,5,-0.110681576882115
Sim5,CP,%,0007Q2,6,-0.11687110577844351
Sim5,CP,%,0007Q3,7,-0.12028824605086186
Sim5,CP,%,0007Q4,8,-0.1207033891201661
Sim5,CP,%,0008Q1,9,-0.11864454981795802
Sim5,CP,%,0008Q2,10,-0.11376470696646379
Sim5,CP,%,0008Q3,11,-0.10658337494588466
Sim5,CP,%,0008Q4,12,-0.09746046243132866
Sim5,CP,%,0009Q1,13,-0.0868217208256965
Sim5,CP,%,0009Q2,14,-0.07508612413171534
Sim5,CP,%,0009Q3,15,-0.06264406107953846
Sim5,CP,%,0009Q4,16,-0.049862370081214635
Sim5,CP,%,0010Q1,17,-0.037051740432090696
Sim5,CP,%,0010Q2,18,-0.02449432331714263
Sim5,CP,%,0010Q3,19,-0.012421763309603762
Sim5,CP,%,0010Q4,20,0.0
Sim5,INV,%,0006Q1,1,1.2789769243681803e-13
Sim5,INV,%,0006Q2,2,-0.1649790818957939
Sim5,INV,%,0006Q3,3,-0.3146405006851438
Sim5,INV,%,0006Q4,4,-0.42577549872243026
Sim5,INV,%,0007Q1,5,-0.5040828789396414
Sim5,INV,%,0007Q2,6,-0.5375391723878238
Sim5,INV,%,0007Q3,7,-0.5553629066943131
Sim5,INV,%,0007Q4,8,-0.5618137517339505
Sim5,INV,%,0008Q1,9,-0.5573463195040205
Sim5,INV,%,0008Q2,10,-0.5447291976979187
Sim5,INV,%,0008Q3,11,-0.5252485385958892
Sim5,INV,%,0008Q4,12,-0.5007001507405704
Sim5,INV,%,0009Q1,13,-0.4723562676559112
Sim5,INV,%,0009Q2,14,-0.44135151613906487
Sim5,INV,%,0009Q3,15,-0.40866961217108155
Sim5,INV,%,0009Q4,16,-0.37515688305347794
Sim5,INV,%,0010Q1,17,-0.34155423225392667
Sim5,INV,%,0010Q2,18,-0.3084636835783101
Sim5,INV,%,0010Q3,19,-0.27638049075825677
Sim5,INV,%,0010Q4,20,-0.24566951493240197
Sim5,FXYEN,%,0006Q1,1,0.0
Sim5,FXYEN,%,0006Q2,2,-2.3698424995832
Sim5,FXYEN,%,0006Q3,3,-1.8850104903508509
Sim5,FXYEN,%,0006Q4,4,-1.7296692053739093
Sim5,FXYEN,%,0007Q1,5,-1.4894301613133507
Sim5,FXYEN,%,0007Q2,6,-1.2981577294328872
Sim5,FXYEN,%,0007Q3,7,-1.1347723597590829
Sim5,FXYEN,%,0007Q4,8,-0.9754858044543511
Sim5,FXYEN,%,0008Q1,9,-0.855571632174275
Sim5,FXYEN,%,0008Q2,10,-0.7329949163052305
Sim5,FXYEN,%,0008Q3,11,-0.6341639603485874
Sim5,FXYEN,%,0008Q4,12,-0.5455947027582084
Sim5,FXYEN,%,0009Q1,13,-0.46994511376384196
Sim5,FXYEN,%,0009Q2,14,-0.4050142862274839
Sim5,FXYEN,%,0009Q3,15,-0.349737811993748
Sim5,FXYEN,%,0009Q4,16,-0.3040690662967904
Sim5,FXYEN,%,0010Q1,17,-0.2665809117745255
Sim5,FXYEN,%,0010Q2,18,-0.23668405652786362
Sim5,FXYEN,%,0010Q3,19,-0.2133424129154804
Sim5,FXYEN,%,0010Q4,20,-0.195911245703698
Sim5,CPIXFOR,%,0006Q1,1,0.0
Sim5,CPIXFOR,%,0006Q2,2,-0.01642165342794044
Sim5,CPIXFOR,%,0006Q3,3,-0.02434346637407714
Sim5,CPIXFOR,%,0006Q4,4,-0.03396865720102937
Sim5,CPIXFOR,%,0007Q1,5,-0.04254344589486436
Sim5,CPIXFOR,%,0007Q2,6,-0.04874163433372303
Sim5,CPIXFOR,%,0007Q3,7,-0.05685308292379432
Sim5,CPIXFOR,%,0007Q4,8,-0.06654953201378078
Sim5,CPIXFOR,%,0008Q1,9,-0.07787416929791391
Sim5,CPIXFOR,%,0008Q2,10,-0.09031886573346526
Sim5,CPIXFOR,%,0008Q3,11,-0.1035498399497925
Sim5,CPIXFOR,%,0008Q4,12,-0.11747415870225097
Sim5,CPIXFOR,%,0009Q1,13,-0.13180688780549588
Sim5,CPIXFOR,%,0009Q2,14,-0.14627127134308182
Sim5,CPIXFOR,%,0009Q3,15,-0.1608896712325958
Sim5,CPIXFOR,%,0009Q4,16,-0.17533518612157195
Sim5,CPIXFOR,%,0010Q1,17,-0.1894538251194149
Sim5,CPIXFOR,%,0010Q2,18,-0.20295446858484922
Sim5,CPIXFOR,%,0010Q3,19,-0.21627577831473843
Sim5,CPIXFOR,%,0010Q4,20,-0.22887828986117142
Sim6,CALL,pp,0006Q1,1,1.0
Sim6,CALL,pp,0006Q2,2,1.0
Sim6,CALL,pp,0006Q3,3,1.0
Sim6,CALL,pp,0006Q4,4,1.0
Sim6,CALL,pp,0007Q1,5,1.0
Sim6,CALL,pp,0007Q2,6,1.0
Sim6,CALL,pp,0007Q3,7,1.0
Sim6,CALL,pp,0007Q4,8,1.0
Sim6,CALL,pp,0008Q1,9,0.8693206772890348
Sim6,CALL,pp,0008Q2,10,0.7520427637713214
Sim6,CALL,pp,0008Q3,11,0.6463936145281017
Sim6,CALL,pp,0008Q4,12,0.55169464508209
Sim6,CALL,pp,0009Q1,13,0.4670188697208935
Sim6,CALL,pp,0009Q2,14,0.39135011863500885
Sim6,CALL,pp,0009Q3,15,0.3241671013877518
Sim6,CALL,pp,0009Q4,16,0.2648026313543211
Sim6,CALL,pp,0010Q1,17,0.21268075630017963
Sim6,CALL,pp,0010Q2,18,0.1672121807331345
Sim6,CALL,pp,0010Q3,19,0.12784764701262474
Sim6,CALL,pp,0010Q4,20,0.09405578658799467
Sim6,IRL,pp,0006Q1,1,0.23983749513912142
Sim6,IRL,pp,0006Q2,2,0.20295085162177123
Sim6,IRL,pp,0006Q3,3,0.2138812439307923
Sim6,IRL,pp,0006Q4,4,0.20709113219185363
Sim6,IRL,pp,0007Q1,5,0.20451646487845518
Sim6,IRL,pp,0007Q2,6,0.20347967038639744
Sim6,IRL,pp,0007Q3,7,0.1979193214499626
Sim6,IRL,pp,0007Q4,8,0.195132952587652
Sim6,IRL,pp,0008Q1,9,0.15877108683033261
Sim6,IRL,pp,0008Q2,10,0.13233856438352729
Sim6,IRL,pp,0008Q3,11,0.10613549418009786
Sim6,IRL,pp,0008Q4,12,0.08343479135947066
Sim6,IRL,pp,0009Q1,13,0.06314047614595429
Sim6,IRL,pp,0009Q2,14,0.0447096385806565
Sim6,IRL,pp,0009Q3,15,0.028986931501956373
Sim6,IRL,pp,0009Q4,16,0.015310462711797972
Sim6,IRL,pp,0010Q1,17,0.0038894647620196857
Sim6,IRL,pp,0010Q2,18,-0.005737898233144087
Sim6,IRL,pp,0010Q3,19,-0.013600491979714724
Sim6,IRL,pp,0010Q4,20,-0.01989208038384654
Sim6,GDP,%,0006Q1,1,-2.2737367544323206e-13
Sim6,GDP,%,0006Q2,2,-0.11218028432212179
Sim6,GDP,%,0006Q3,3,-0.14739250331042797
Sim6,GDP,%,0006Q4,4,-0.18772042065351968
Sim6,GDP,%,0007Q1,5,-0.22047454555766421
Sim6,GDP,%,0007Q2,6,-0.24877095060163867
Sim6,GDP,%,0007Q3,7,-0.2745371789184503
Sim6,GDP,%,0007Q4,8,-0.28645854118491343
Sim6,GDP,%,0008Q1,9,-0.29926758144115695
Sim6,GDP,%,0008Q2,10,-0.2943439189653958
Sim6,GDP,%,0008Q3,11,-0.2846140523219134
Sim6,GDP,%,0008Q4,12,-0.26957208984002534
Sim6,GDP,%,0009Q1,13,-0.25092377900136853
Sim6,GDP,%,0009Q2,14,-0.2295537598957793
Sim6,GDP,%,0009Q3,15,-0.20608206642720006
Sim6,GDP,%,0009Q4,16,-0.18273201620621649
Sim6,GDP,%,0010Q1,17,-0.15942572967662727
Sim6,GDP,%,0010Q2,18,-0.13670586177687483
Sim6,GDP,%,0010Q3,19,-0.11476662572933094
Sim6,GDP,%,0010Q4,20,-0.09385950990944991
Sim6,GAP,pp,0006Q1,1,-2.271182680173318e-13
Sim6,GAP,pp,0006Q2,2,-0.11218028432213097
Sim6,GAP,pp,0006Q3,3,-0.14739250331043616
Sim6,GAP,pp,0006Q4,4,-0.18772042065354763
Sim6,GAP,pp,0007Q1,5,-0.22047454555767912
Sim6,GAP,pp,0007Q2,6,-0.24877095060165536
Sim6,GAP,pp,0007Q3,7,-0.27453717891846147
Sim6,GAP,pp,0007Q4,8,-0.2864585411849301
Sim6,GAP,pp,0008Q1,9,-0.29926758144117205
Sim6,GAP,pp,0008Q2,10,-0.2943439189653996
Sim6,GAP,pp,0008Q3,11,-0.28461405232192827
Sim6,GAP,pp,0008Q4,12,-0.2695720898400296
Sim6,GAP,pp,0009Q1,13,-0.25092377900138185
Sim6,GAP,pp,0009Q2,14,-0.22955375989578908
Sim6,GAP,pp,0009Q3,15,-0.20608206642720356
Sim6,GAP,pp,0009Q4,16,-0.18273201620622784
Sim6,GAP,pp,0010Q1,17,-0.15942572967664104
Sim6,GAP,pp,0010Q2,18,-0.13670586177689048
Sim6,GAP,pp,0010Q3,19,-0.1147666257293477
Sim6,GAP,pp,0010Q4,20,-0.09385950990944764
Sim6,CP,%,0006Q1,1,0.0
Sim6,CP,%,0006Q2,2,-0.050362055776048464
Sim6,CP,%,0006Q3,3,-0.08676827650518248
Sim6,CP,%,0006Q4,4,-0.11499467573666777
Sim6,CP,%,0007Q1,5,-0.13801344319797693
Sim6,CP,%,0007Q2,6,-0.15756714015076057
Sim6,CP,%,0007Q3,7,-0.17522702249236488
Sim6,CP,%,0007Q4,8,-0.19054893946281481
Sim6,CP,%,0008Q1,9,-0.2037165091332298
Sim6,CP,%,0008Q2,10,-0.20752811686560335
Sim6,CP,%,0008Q3,11,-0.20464143351462383
Sim6,CP,%,0008Q4,12,-0.19659595311108546
Sim6,CP,%,0009Q1,13,-0.18452018071045018
Sim6,CP,%,0009Q2,14,-0.16926726695012917
Sim6,CP,%,0009Q3,15,-0.1514275385896724
Sim6,CP,%,0009Q4,16,-0.13164550560500743
Sim6,CP,%,0010Q1,17,-0.11049150816027975
Sim6,CP,%,0010Q2,18,-0.08858965281578435
Sim6,CP,%,0010Q3,19,-0.06648764752732461
Sim6,CP,%,0010Q4,20,-0.04467594270985842
Sim6,INV,%,0006Q1,1,1.2789769243681803e-13
Sim6,INV,%,0006Q2,2,-0.1649790818946002
Sim6,INV,%,0006Q3,3,-0.33409731483583016
Sim6,INV,%,0006Q4,4,-0.4819574890356364
Sim6,INV,%,0007Q1,5,-0.610318625745947
Sim6,INV,%,0007Q2,6,-0.7036495636901634
Sim6,INV,%,0007Q3,7,-0.7858098318499316
Sim6,INV,%,0007Q4,8,-0.859651337036567
Sim6,INV,%,0008Q1,9,-0.9244514448918579
Sim6,INV,%,0008Q2,10,-0.9605899675224521
Sim6,INV,%,0008Q3,11,-0.970054165843635
Sim6,INV,%,0008Q4,12,-0.958431312290486
Sim6,INV,%,0009Q1,13,-0.9302099275451496
Sim6,INV,%,0009Q2,14,-0.8918406289207468
Sim6,INV,%,0009Q3,15,-0.8458621955444414
Sim6,INV,%,0009Q4,16,-0.7942622509488331
Sim6,INV,%,0010Q1,17,-0.7389906755656597
Sim6,INV,%,0010Q2,18,-0.6816134712751705
Sim6,INV,%,0010Q3,19,-0.6235171397350712
Sim6,INV,%,0010Q4,20,-0.5659245774628232
Sim6,FXYEN,%,0006Q1,1,0.0
Sim6,FXYEN,%,0006Q2,2,-2.369842499583285
Sim6,FXYEN,%,0006Q3,3,-2.163962800927848
Sim6,FXYEN,%,0006Q4,4,-2.225520347968285
Sim6,FXYEN,%,0007Q1,5,-2.1943044174052346
Sim6,FXYEN,%,0007Q2,6,-2.1865214252737957
Sim6,FXYEN,%,0007Q3,7,-2.1844516943532
Sim6,FXYEN,%,0007Q4,8,-2.174189363361265
Sim6,FXYEN,%,0008Q1,9,-2.1869867484762295
Sim6,FXYEN,%,0008Q2,10,-1.8796635465279934
Sim6,FXYEN,%,0008Q3,11,-1.6409696761941888
Sim6,FXYEN,%,0008Q4,12,-1.4187605771618337
Sim6,FXYEN,%,0009Q1,13,-1.227864926278059
Sim6,FXYEN,%,0009Q2,14,-1.0616926240940643
Sim6,FXYEN,%,0009Q3,15,-0.9170351254318945
Sim6,FXYEN,%,0009Q4,16,-0.7946759238933936
Sim6,FXYEN,%,0010Q1,17,-0.6894715866517345
Sim6,FXYEN,%,0010Q2,18,-0.6022625350648951
Sim6,FXYEN,%,0010Q3,19,-0.5300169804434205
Sim6,FXYEN,%,0010Q4,20,-0.4716702338095331
Sim6,CPIXFOR,%,0006Q1,1,0.0
Sim6,CPIXFOR,%,0006Q2,2,-0.01642165342794044
Sim6,CPIXFOR,%,0006Q3,3,-0.0262720265501315
Sim6,CPIXFOR,%,0006Q4,4,-0.03873418383165017
Sim6,CPIXFOR,%,0007Q1,5,-0.051343394291109234
Sim6,CPIXFOR,%,0007Q2,6,-0.06276037609713114
Sim6,CPIXFOR,%,0007Q3,7,-0.07661322104482338
Sim6,CPIXFOR,%,0007Q4,8,-0.09317774204032503
Sim6,CPIXFOR,%,0008Q1,9,-0.11265018476761668
Sim6,CPIXFOR,%,0008Q2,10,-0.13277790819007862
Sim6,CPIXFOR,%,0008Q3,11,-0.15384288079026476
Sim6,CPIXFOR,%,0008Q4,12,-0.1761196362097479
Sim6,CPIXFOR,%,0009Q1,13,-0.19948144536414247
Sim6,CPIXFOR,%,0009Q2,14,-0.2240705334411075
Sim6,CPIXFOR,%,0009Q3,15,-0.24945664342239127
Sim6,CPIXFOR,%,0009Q4,16,-0.27531496968323665
Sim6,CPIXFOR,%,0010Q1,17,-0.30123622636214975
Sim6,CPIXFOR,%,0010Q2,18,-0.32669125155587153
Sim6,CPIXFOR,%,0010Q3,19,-0.35213294667397577
Sim6,CPIXFOR,%,0010Q4,20,-0.37676071618714957
Sim7,CALL,pp,0006Q1,1,1.0
Sim7,CALL,pp,0006Q2,2,1.0
Sim7,CALL,pp,0006Q3,3,1.0
Sim7,CALL,pp,0006Q4,4,1.0
Sim7,CALL,pp,0007Q1,5,1.0
Sim7,CALL,pp,0007Q2,6,1.0
Sim7,CALL,pp,0007Q3,7,1.0
Sim7,CALL,pp,0007Q4,8,1.0
Sim7,CALL,pp,0008Q1,9,0.8624955859670564
Sim7,CALL,pp,0008Q2,10,0.7387289224285241
Sim7,CALL,pp,0008Q3,11,0.6275514746395965
Sim7,CALL,pp,0008Q4,12,0.528133906159036
Sim7,CALL,pp,0009Q1,13,0.4396121886127176
Sim7,CALL,pp,0009Q2,14,0.36116771385282487
Sim7,CALL,pp,0009Q3,15,0.29208467753876066
Sim7,CALL,pp,0009Q4,16,0.23162409732743183
Sim7,CALL,pp,0010Q1,17,0.1790888435542733
Sim7,CALL,pp,0010Q2,18,0.13379949105209987
Sim7,CALL,pp,0010Q3,19,0.0951137534590681
Sim7,CALL,pp,0010Q4,20,0.0624181632162795
Sim7,IRL,pp,0006Q1,1,0.4112415745197941
Sim7,IRL,pp,0006Q2,2,0.36247614593968924
Sim7,IRL,pp,0006Q3,3,0.3412154966308072
Sim7,IRL,pp,0006Q4,4,0.30990177562169724
Sim7,IRL,pp,0007Q1,5,0.27870921186545744
Sim7,IRL,pp,0007Q2,6,0.2500092367907571
Sim7,IRL,pp,0007Q3,7,0.21514524218909195
Sim7,IRL,pp,0007Q4,8,0.18272304473754467
Sim7,IRL,pp,0008Q1,9,0.1466485677853119
Sim7,IRL,pp,0008Q2,10,0.11732491341798366
Sim7,IRL,pp,0008Q3,11,0.09019499948323097
Sim7,IRL,pp,0008Q4,12,0.06638522664244391
Sim7,IRL,pp,0009Q1,13,0.04537111464447568
Sim7,IRL,pp,0009Q2,14,0.026745680786333364
Sim7,IRL,pp,0009Q3,15,0.01094243715082548
Sim7,IRL,pp,0009Q4,16,-0.0023629647687268395
Sim7,IRL,pp,0010Q1,17,-0.013302912096930035
Sim7,IRL,pp,0010Q2,18,-0.022151931264332028
Sim7,IRL,pp,0010Q3,19,-0.029067005821675693
Sim7,IRL,pp,0010Q4,20,-0.03426425277287659
Sim7,GDP,%,0006Q1,1,-2.2737367544323206e-13
Sim7,GDP,%,0006Q2,2,-0.18974058258490345
Sim7,GDP,%,0006Q3,3,-0.25514675300406964
Sim7,GDP,%,0006Q4,4,-0.30808220020887234
Sim7,GDP,%,0007Q1,5,-0.34866884615722427
Sim7,GDP,%,0007Q2,6,-0.37576466346570214
Sim7,GDP,%,0007Q3,7,-0.3938416409759071
Sim7,GDP,%,0007Q4,8,-0.3851404716007636
Sim7,GDP,%,0008Q1,9,-0.3730257617338708
Sim7,GDP,%,0008Q2,10,-0.3534653247346853
Sim7,GDP,%,0008Q3,11,-0.32995413846883537
Sim7,GDP,%,0008Q4,12,-0.3034007535767387
Sim7,GDP,%,0009Q1,13,-0.27514133792620044
Sim7,GDP,%,0009Q2,14,-0.24578326531288042
Sim7,GDP,%,0009Q3,15,-0.2161071101052272
Sim7,GDP,%,0009Q4,16,-0.18700248184583756
Sim7,GDP,%,0010Q1,17,-0.15876911214766665
Sim7,GDP,%,0010Q2,18,-0.13179617730322946
Sim7,GDP,%,0010Q3,19,-0.10624070593759427
Sim7,GDP,%,0010Q4,20,-0.08228991089157489
Sim7,GAP,pp,0006Q1,1,-2.271182680173318e-13
Sim7,GAP,pp,0006Q2,2,-0.18974058258489734
Sim7,GAP,pp,0006Q3,3,-0.2551467530040768
Sim7,GAP,pp,0006Q4,4,-0.3080822002088826
Sim7,GAP,pp,0007Q1,5,-0.34866884615722343
Sim7,GAP,pp,0007Q2,6,-0.3757646634657189
Sim7,GAP,pp,0007Q3,7,-0.39384164097592445
Sim7,GAP,pp,0007Q4,8,-0.38514047160078274
Sim7,GAP,pp,0008Q1,9,-0.373025761733874
Sim7,GAP,pp,0008Q2,10,-0.3534653247346883
Sim7,GAP,pp,0008Q3,11,-0.329954138468857
Sim7,GAP,pp,0008Q4,12,-0.30340075357676016
Sim7,GAP,pp,0009Q1,13,-0.27514133792621615
Sim7,GAP,pp,0009Q2,14,-0.2457832653128933
Sim7,GAP,pp,0009Q3,15,-0.21610711010524614
Sim7,GAP,pp,0009Q4,16,-0.18700248184584653
Sim7,GAP,pp,0010Q1,17,-0.15876911214767153
Sim7,GAP,pp,0010Q2,18,-0.13179617730324455
Sim7,GAP,pp,0010Q3,19,-0.10624070593761506
Sim7,GAP,pp,0010Q4,20,-0.08228991089158766
Sim7,CP,%,0006Q1,1,0.0
Sim7,CP,%,0006Q2,2,-0.08540009023401751
Sim7,CP,%,0006Q3,3,-0.15008352889354626
Sim7,CP,%,0006Q4,4,-0.1923224166742017
Sim7,CP,%,0007Q1,5,-0.2220717590768544
Sim7,CP,%,0007Q2,6,-0.24252498747921436
Sim7,CP,%,0007Q3,7,-0.2564967227671531
Sim7,CP,%,0007Q4,8,-0.26404359383599285
Sim7,CP,%,0008Q1,9,-0.2652358330332589
Sim7,CP,%,0008Q2,10,-0.2591338762858584
Sim7,CP,%,0008Q3,11,-0.24708582539904
Sim7,CP,%,0008Q4,12,-0.23010704331150578
Sim7,CP,%,0009Q1,13,-0.20916036722219644
Sim7,CP,%,0009Q2,14,-0.18515773303828098
Sim7,CP,%,0009Q3,15,-0.1589575949533497
Sim7,CP,%,0009Q4,16,-0.13138552029157324
Sim7,CP,%,0010Q1,17,-0.10319183381491825
Sim7,CP,%,0010Q2,18,-0.0750596559341119
Sim7,CP,%,0010Q3,19,-0.0475744501773363
Sim7,CP,%,0010Q4,20,-0.021229689337644686
Sim7,INV,%,0006Q1,1,1.2789769243681803e-13
Sim7,INV,%,0006Q2,2,-0.2720255976935988
Sim7,INV,%,0006Q3,3,-0.5618303666219902
Sim7,INV,%,0006Q4,4,-0.7936000813177344
Sim7,INV,%,0007Q1,5,-0.9749165138265425
Sim7,INV,%,0007Q2,6,-1.0807132290235018
Sim7,INV,%,0007Q3,7,-1.1505883732210833
Sim7,INV,%,0007Q4,8,-1.1957870145439387
Sim7,INV,%,0008Q1,9,-1.2140829152614998
Sim7,INV,%,0008Q2,10,-1.2077515923790685
Sim7,INV,%,0008Q3,11,-1.1812346315945916
Sim7,INV,%,0008Q4,12,-1.1392279506449796
Sim7,INV,%,0009Q1,13,-1.0854599953113109
Sim7,INV,%,0009Q2,14,-1.0235436136428717
Sim7,INV,%,0009Q3,15,-0.9559665641331776
Sim7,INV,%,0009Q4,16,-0.8848389774893661
Sim7,INV,%,0010Q1,17,-0.8120278302093453
Sim7,INV,%,0010Q2,18,-0.7390853580668022
Sim7,INV,%,0010Q3,19,-0.6673089610708587
Sim7,INV,%,0010Q4,20,-0.5978181884831599
Sim7,FXYEN,%,0006Q1,1,0.0
Sim7,FXYEN,%,0006Q2,2,-4.029003259379621
Sim7,FXYEN,%,0006Q3,3,-3.8198652048933184
Sim7,FXYEN,%,0006Q4,4,-3.5471037023066145
Sim7,FXYEN,%,0007Q1,5,-3.2769845998621605
Sim7,FXYEN,%,0007Q2,6,-2.996273680903485
Sim7,FXYEN,%,0007Q3,7,-2.712792423814463
Sim7,FXYEN,%,0007Q4,8,-2.4272880792000535
Sim7,FXYEN,%,0008Q1,9,-2.160500166899297
Sim7,FXYEN,%,0008Q2,10,-1.8635052863836847
Sim7,FXYEN,%,0008Q3,11,-1.614489339191337
Sim7,FXYEN,%,0008Q4,12,-1.3936128075751242
Sim7,FXYEN,%,0009Q1,13,-1.2026632569836124
Sim7,FXYEN,%,0009Q2,14,-1.0377288035264343
Sim7,FXYEN,%,0009Q3,15,-0.8962611519128387
Sim7,FXYEN,%,0009Q4,16,-0.7774563246372566
Sim7,FXYEN,%,0010Q1,17,-0.6785182584626739
Sim7,FXYEN,%,0010Q2,18,-0.5979563100277545
Sim7,FXYEN,%,0010Q3,19,-0.5334936125727978
Sim7,FXYEN,%,0010Q4,20,-0.4835524535381097
Sim7,CPIXFOR,%,0006Q1,1,0.0
Sim7,CPIXFOR,%,0006Q2,2,-0.028093240247017093
Sim7,CPIXFOR,%,0006Q3,3,-0.04583422749095689
Sim7,CPIXFOR,%,0006Q4,4,-0.06505990673363726
Sim7,CPIXFOR,%,0007Q1,5,-0.0838604855684082
Sim7,CPIXFOR,%,0007Q2,6,-0.09884280643358068
Sim7,CPIXFOR,%,0007Q3,7,-0.11636604427341979
Sim7,CPIXFOR,%,0007Q4,8,-0.1374044913902992
Sim7,CPIXFOR,%,0008Q1,9,-0.16149858433040265
Sim7,CPIXFOR,%,0008Q2,10,-0.18798754600510392
Sim7,CPIXFOR,%,0008Q3,11,-0.2161377083122744
Sim7,CPIXFOR,%,0008Q4,12,-0.2460419643311127
Sim7,CPIXFOR,%,0009Q1,13,-0.27717492971031277
Sim7,CPIXFOR,%,0009Q2,14,-0.3089941432999268
Sim7,CPIXFOR,%,0009Q3,15,-0.3413770394776918
Sim7,CPIXFOR,%,0009Q4,16,-0.37368566602066267
Sim7,CPIXFOR,%,0010Q1,17,-0.4055300656721954
Sim7,CPIXFOR,%,0010Q2,18,-0.4362524920633035
Sim7,CPIXFOR,%,0010Q3,19,-0.4666929126402266
Sim7,CPIXFOR,%,0010Q4,20,-0.4957363385806701
