sim,h,cumulative_multiplier,spent_share
Sim17,1,-5.719038663501596e-14,4.558106452794742e-13
Sim17,2,0.21215084030936127,0.20603909746791885
Sim17,3,0.3449613729716945,0.3713939825801267
Sim17,4,0.4744299082372014,0.5142172618174156
Sim17,5,0.5844097806970885,0.6384680026236429
Sim17,6,0.6797084173750625,0.7493450127239876
Sim17,7,0.7561979935811004,0.8499541195270428
Sim17,8,0.818902515990837,0.9420796007752016
Sim17,9,0.8692605606376774,1.0271507893215193
Sim17,10,0.906986166243998,1.1061730645242698
Sim17,11,0.9340333943113591,1.1800000944012108
Sim17,12,0.9518109560844658,1.2492762429049116
Sim17,13,0.9612628580510277,1.3145955188590368
Sim17,14,0.9633647611119477,1.376502307420615
Sim17,15,0.9590540044159007,1.4354929406937875
Sim17,16,0.9490328880317418,1.4918507995343038
Sim17,17,0.9343459830774848,1.5462110418327957
Sim17,18,0.9157592994365152,1.5989451425404537
Sim17,19,0.8940366517920342,1.6503984791719057
Sim17,20,0.8698646718855754,1.700882032081506
Sim18,1,-5.719038663501596e-14,4.558106452794742e-13
Sim18,2,0.19031197931622862,0.18482633884648586
Sim18,3,0.30945766364544947,0.3331802705153087
Sim18,4,0.4256156202535112,0.4613265762575224
Sim18,5,0.5243316840895262,0.5728545471175072
Sim18,6,0.6098945124570323,0.6724060604337296
Sim18,7,0.678596242055877,0.7627560029879153
Sim18,8,0.7349395363672618,0.8454981481956189
Sim18,9,0.7802083500148583,0.9219107800447118
Sim18,10,0.8141411153888608,0.9928930318144951
Sim18,11,0.8384883959439061,1.0592096707629548
Sim18,12,0.854511964125458,1.1214383647760404
Sim18,13,0.8630584278160266,1.180112031313858
Sim18,14,0.8650028103953441,1.235719307094487
Sim18,15,0.861186214827747,1.2887059114729915
Sim18,16,0.8521992699194095,1.3392878238817947
Sim18,17,0.8390339874584909,1.3880818604946963
Sim18,18,0.8223639624117063,1.43541848208003
Sim18,19,0.8028779266970529,1.4816072454808937
Sim18,20,0.7811915731145312,1.5269266846680987
Sim19,1,-2.4130964824901253e-14,1.9232516678458828e-13
Sim19,2,0.10548946639039064,0.10245340624579795
Sim19,3,0.2782086452687919,0.28834008319208176
Sim19,4,0.40937514967657934,0.44235323135514293
Sim19,5,0.5293094014882198,0.575941899524965
Sim19,6,0.6324151994761642,0.6938346869123906
Sim19,7,0.7188394652954455,0.8000484517445864
Sim19,8,0.7889516484837377,0.8969505534360371
Sim19,9,0.845923607024754,0.9860960504863053
Sim19,10,0.890319042811786,1.0686715350131406
Sim19,11,0.9228228183790973,1.1454566712102323
Sim19,12,0.945220369490095,1.2172698596406843
Sim19,13,0.958715296610904,1.284766888605382
Sim19,14,0.9642968637449418,1.3485394727522324
Sim19,15,0.9629416191398494,1.4091201134902243
Sim19,16,0.9555810421958537,1.4669939006119497
Sim19,17,0.9430650367520332,1.522605471793117
Sim19,18,0.9262128756371286,1.5763604173779087
Sim19,19,0.9058208283846158,1.6286266244130945
Sim19,20,0.8826163548656307,1.6797377906964768
